愛のシュプリーム！,DX,MAS,12.6,-
story,DX,MAS,12.2,-
回レ！雪月花,DX,MAS,,-
ハム太郎とっとこうた,DX,MAS,,-
だから僕は音楽を辞めた,DX,MAS,,-
ウマイネームイズうまみちゃん,DX,MAS,,-
Virtual to LIVE,DX,MAS,,-
Shooting Stars,DX,MAS,,-
MOON NIGHTのせいにして,DX,MAS,,-
ドラゴンエネルギー,DX,MAS,,-
なだめスかし Negotiation(TVsize),DX,MAS,,-
吾輩よ猫であれ,DX,MAS,,-
YONA YONA DANCE,DX,MAS,,-
only my railgun,STD,ReMAS,,-
ようこそジャパリパークへ,STD,MAS,12.5,-
come again,STD,MAS,,-
jelly,STD,MAS,,-
バラライカ,STD,MAS,,-
ラブリー☆えんじぇる!!,STD,MAS,,-
ポップミュージックは僕のもの,STD,MAS,,-
GET!! 夢&DREAM,STD,MAS,,-
fantastic dreamer,STD,MAS,,-
true my heart -Lovable mix-,STD,MAS,,-
SHINY DAYS,STD,MAS,,-
群青讃歌,DX,MAS,12.4,12.4
再会,DX,MAS,12.2,-
花となれ,DX,MAS,12.2,-
千本桜,DX,MAS,,-
METEOR,DX,MAS,,-
アディショナルメモリー,DX,MAS,,-
Strobe♡Girl,DX,MAS,,-
太陽系デスコ,DX,MAS,,-
だからパンを焼いたんだ,DX,MAS,,-
quiet room,DX,MAS,,-
サヨナラチェーンソー,DX,MAS,,-
スターリースカイ☆パレード,DX,MAS,,-
スロウダウナー,DX,MAS,,-
Catch the Wave,DX,MAS,,-
乙女解剖,DX,MAS,,-
明星ギャラクティカ,DX,MAS,,-
電話革命ナイセン,DX,MAS,,-
雨とペトラ,DX,MAS,,-
幽霊東京,DX,MAS,,-
約束,DX,MAS,,-
どぅーまいべすと！,DX,MAS,,-
アイドル新鋭隊,DX,MAS,,-
回る空うさぎ,DX,MAS,,-
ZIGG-ZAGG,STD,ReMAS,,-
初音ミクの消失,DX,EXP,12,12
デッドマンズバラッド,DX,EXP,,-
拝啓ドッペルゲンガー,STD,EXP,12.6,12.6
終点,STD,EXP,12.4,-
夜咄ディセイブ,STD,EXP,,-
裏表ラバーズ,STD,EXP,,-
ARROW,STD,EXP,,-
初音ミクの激唱,STD,EXP,,-
ブリキノダンス,STD,MAS,12.5,-
好き！雪！本気マジック,STD,MAS,12.5,-
バレリーコ,STD,MAS,,-
スイートマジック,STD,MAS,,-
インビジブル,STD,MAS,,-
ハッピーシンセサイザ,STD,MAS,,-
教えて!!魔法のLyric,STD,MAS,,-
パンダヒーロー,STD,MAS,,-
Tell Your World,STD,MAS,,-
Sweetie×2,STD,MAS,,-
ゴーゴー幽霊船,STD,MAS,,-
いーあるふぁんくらぶ,STD,MAS,,-
からくりピエロ,STD,MAS,,-
むかしむかしのきょうのぼく,STD,MAS,,-
ハロ／ハワユ,STD,MAS,,-
M.S.S.Planet,STD,MAS,,-
林檎華憐歌,STD,MAS,,-
Heart Beats,STD,MAS,,-
アゲアゲアゲイン,STD,MAS,,-
shake it!,STD,MAS,,-
Link_N,STD,MAS,,-
妄想税,STD,MAS,,-
ココロ,STD,MAS,,-
踊れオーケストラ,STD,MAS,,-
フリィダム ロリィタ,STD,MAS,,-
彗星ハネムーン,STD,MAS,,-
ロールプレイングゲーム,STD,MAS,,-
結ンデ開イテ羅刹ト骸,STD,MAS,,-
サウンド,STD,MAS,,-
立ち入り禁止,STD,MAS,,-
WORLD'S END UMBRELLA,STD,MAS,,-
カラフル×メロディ,STD,MAS,,-
月に叢雲華に風,DX,MAS,12.6,-
Bad Apple!! feat.nomico(REDALiCE Remix),DX,MAS,,12.6
Oath Act,DX,MAS,,-
Prismatic,DX,MAS,,-
今、誰が為のかがり火へ,DX,MAS,,-
Melody!,DX,MAS,,-
紅に染まる恋の花,DX,MAS,,-
Doll Judgment,STD,EXP,,-
Imperishable Night 2006(2016 Refine),STD,EXP,,-
色は匂へど散りぬるを,STD,MAS,12.5,-
みんなの,STD,MAS,12.5,-
囲い無き世は一期の月影,STD,MAS,,-
INFINITE WORLD,STD,MAS,,-
Bad Apple!! feat nomico,STD,MAS,,-
願いを呼ぶ季節,STD,MAS,,-
泡沫、哀のまほろば,STD,MAS,,-
永遠のメロディ,STD,MAS,,-
CYBER Sparks,STD,MAS,,-
"Help me, ERINNNNNN!!",STD,MAS,,-
明星ロケット,STD,MAS,,-
ってゐ！ ～えいえんてゐVer～,STD,MAS,,-
最速最高シャッターガール,STD,MAS,,-
Yet Another ”drizzly rain”,STD,MAS,,-
Starlight Dance Floor,STD,MAS,,-
WARNING×WARNING×WARNING,STD,MAS,,-
サドマミホリック,STD,MAS,,-
隠然,STD,MAS,,-
最終鬼畜妹フランドール・S,STD,MAS,,-
Living Universe,STD,ReMAS,,-
Lost Princess,STD,ReMAS,,-
Cthugha,DX,EXP,12.5,12.5
Vallista,DX,EXP,12.5,12.6
天使光輪,DX,EXP,12.5,-
月面基地,DX,EXP,12.5,-
Rush-Hour,DX,EXP,12.5,12.5
ULTRA SYNERGY MATRIX,DX,EXP,12,-
with U,DX,EXP,12,-
HUMANBORG,DX,EXP,12,-
BATTLE NO.1,DX,EXP,,-
Re：End of a Dream,DX,EXP,,-
Big Daddy,DX,EXP,,-
スーパーシンメトリー,DX,EXP,,-
僕の和風本当上手,DX,EXP,,-
Halfway(>∀<),DX,EXP,,-
NULCTRL,DX,EXP,,-
Grievous Lady,DX,EXP,,-
Sound Chimera,DX,EXP,,-
LOSE CONTROL,DX,EXP,,-
竹,DX,EXP,,-
Dreadnought,DX,EXP,,-
Caterpillar Song,DX,EXP,,-
First Dance,DX,EXP,,-
田中,DX,EXP,,-
Luminaria,DX,EXP,,-
ばかみたい【Taxi Driver Edition】,DX,EXP,,-
セイクリッド　ルイン,STD,EXP,12.6,12.6
Altale,STD,EXP,12.4,12.4
魔法少女になるしかねぇ,STD,EXP,12.4,12.4
GO BACK 2 YOUR RAVE,STD,EXP,12.3,-
御旗のもとに,STD,EXP,12.1,-
MilK,STD,EXP,,-
DADDY MULK -Groove remix-,STD,EXP,,-
神室雪月花,STD,EXP,,-
Jack-the-Ripper◆,STD,EXP,,-
Sakura Fubuki,STD,EXP,,-
B.M.S.,STD,EXP,,-
Destr0yer,STD,EXP,,-
Halcyon,STD,EXP,,-
In Chaos,STD,MAS,12.5,-
きみのためなら死ねる,STD,MAS,12.5,-
Rooftop Run: Act1,STD,MAS,12.4,-
Beat Of Mind,STD,MAS,,-
SHOW TIME,STD,MAS,,-
Natural Flow,STD,MAS,,-
Her Dream Is To Be A Fantastic Sorceress,STD,MAS,,-
Riders Of The Light,STD,MAS,,-
Ignite Infinity,STD,MAS,,-
かせげ！ジャリンコヒーロー,STD,MAS,,-
電車で電車でGO!GO!GO!GC! -GMT remix-,STD,MAS,,-
STARRED HEART,DX,MAS,12.5,12.5
サヨナラフリーウェイ,DX,MAS,,-
Change Our MIRAI！,DX,MAS,,-
Jump!! Jump!! Jump!!,DX,MAS,,-
UTAKATA,DX,MAS,,-
STARTLINER,DX,ReMAS,12.3,-
GEOMETRIC DANCE,DX,EXP,12.5,-
エータ・ベータ・イータ,DX,EXP,12.4,-
WE'RE BACK!!,DX,EXP,12.2,-
"Good Bye, Merry-Go-Round.",DX,EXP,,-
8-EM,DX,EXP,,12.6
Last Kingdom,DX,EXP,,12.5
Titania,DX,EXP,,-
YURUSHITE,DX,EXP,,-
宛城、炎上！！,DX,EXP,,-
Climax,DX,EXP,,-
宿星審判,DX,EXP,,12.2
Falsum Atlantis.,DX,EXP,,-
folern,DX,EXP,,-
SUPER AMBULANCE,DX,EXP,,-
ハードコア・シンドローム,DX,EXP,,-
猛進ソリストライフ！,STD,EXP,,-
奏者はただ背中と提琴で語るのみ,STD,EXP,,-
Counselor,STD,MAS,,-
フォルテシモBELL,STD,MAS,,-
Tic Tac DREAMIN',STD,MAS,,-
"Help me, あーりん！",STD,MAS,,-
BLACK ROSE,DX,MAS,,-
Crazy Circle,DX,MAS,,-
STEREOSCAPE,DX,MAS,,12.4
Link_M,STD,MAS,12.5,-
ナミダと流星,STD,MAS,,-
True Love Song,STD,MAS,,-
Color My World,STD,MAS,,-
オレンジの夏,STD,MAS,,-
Baban!!  ー甘い罠ー,STD,MAS,,-
犬日和。,STD,MAS,,-
Starlight Disco,STD,MAS,,-
maimaiちゃんのテーマ,STD,MAS,,-
ぐるぐるWASH！コインランドリー・ディスコ,STD,MAS,,-
Cosmic Train,STD,MAS,,-
洗脳,STD,MAS,,-
チエルカ／エソテリカ,DX,EXP,12.5,12.5
Churros Parlor,DX,EXP,12.5,-
火炎地獄,DX,EXP,12.5,-
とびだせ！TO THE COSMIC!!,DX,EXP,12.5,-
Straight into the lights,DX,EXP,12.5,-
enchanted wanderer,DX,EXP,12,-
POWER OF UNITY,DX,EXP,12,-
Regulus,DX,EXP,,12.5
U&iVERSE -銀河鸞翔-,DX,EXP,,-
Comet Panto Men!,DX,EXP,,-
TEmPTaTiON,DX,EXP,,-
アポカリプスに反逆の焔を焚べろ,DX,EXP,,-
モ°ルモ°ル,DX,EXP,,-
ARAIS,DX,EXP,,-
Mutation,DX,EXP,,-
"Sqlupp (Camellia's ""Sqleipd*Hiytex"" Remix)",DX,EXP,,12.2
Xenovcipher,DX,EXP,,-
ほしぞらスペクタクル,DX,EXP,,-
Last Samurai,DX,EXP,,-
AMABIE,DX,EXP,,-
NAGAREBOSHI☆ROCKET,DX,EXP,,-
Alcyone,DX,EXP,,-
Raven Emperor,DX,EXP,,-
Yorugao,DX,EXP,,-
ヨミビトシラズ,DX,EXP,,-
Trick tear,DX,EXP,,-
HAGAKIRI,DX,EXP,,-
N3V3R G3T OV3R,DX,EXP,,-
Swift Swing,DX,EXP,,-
白花の天使,DX,EXP,,-
[X],DX,EXP,,-
火炎地獄,STD,EXP,12.6,-
Mare Maris,STD,EXP,12.5,12.5
Signature,STD,EXP,12.4,-
四月の雨,STD,EXP,,-
Prophesy One,STD,EXP,,-
BaBan!! －甘い罠－,STD,EXP,,-
炎歌 -ほむらうた-,STD,EXP,,-
FEEL ALIVE,STD,EXP,,-
Link_M,STD,EXP,,-
Spin me harder,STD,EXP,,-
Blew Moon,STD,EXP,,-
MYTHOS,STD,EXP,,-
LUCIA,STD,EXP,,-
Death Scythe,STD,EXP,,-
oboro,STD,EXP,,-
Nitrous Fury,STD,EXP,,-
keep hopping,STD,EXP,,-
春を告げる,DX,MAS,12.9,-
不機嫌なスリーカード,DX,MAS,12.9,-
おジャ魔女カーニバル!!,DX,MAS,12.8,-
Burn My Soul,DX,MAS,12.8,-
オントロジー,DX,MAS,12.8,-
さくゆいたいそう,DX,MAS,12.7,-
veil,DX,MAS,12.7,-
お願いマッスル,DX,MAS,12.7,12.7
剣を抜け！GCCX MAX,DX,MAS,,-
魂のルフラン,DX,MAS,,-
アノーイング！さんさんウィーク！,DX,MAS,,-
はんぶんこ,DX,MAS,,-
アマカミサマ,DX,MAS,,-
デビル☆アイドル,DX,MAS,,-
いつかいい感じにアレしよう,DX,MAS,,-
タケモトピアノCMソング,DX,MAS,,-
　,DX,MAS,,-
Blank Paper (Prod. TEMPLIME),DX,MAS,,-
ハム太郎とっとこうた,DX,ReMAS,,-
Virtual to LIVE,DX,ReMAS,,-
夜に駆ける,DX,ReMAS,,-
ようこそジャパリパークへ,STD,ReMAS,12.9,-
Future,STD,ReMAS,,-
若い力 -SEGA HARD GIRLS MIX-,STD,ReMAS,,-
前前前世,STD,MAS,12.9,-
きらっせ☆ウッド村ファーム,STD,MAS,,12.7
ミラクル・ショッピング,STD,MAS,,12.7
若い力 -SEGA HARD GIRLS MIX-,STD,MAS,,-
絶対にチョコミントを食べるアオイチャン,DX,MAS,12.9,12.9
ジャンキーナイトタウンオーケストラ,DX,MAS,12.9,-
絶対敵対メチャキライヤー,DX,MAS,12.9,-
秋の未確認生物,DX,MAS,12.9,-
あなたは世界の終わりにずんだを食べるのだ,DX,MAS,12.9,-
ジレンマ,DX,MAS,12.9,-
天使の翼。,DX,MAS,12.9,-
＊ハロー、プラネット。,DX,MAS,12.8,-
グラーヴェ,DX,MAS,12.8,-
on the rocks,DX,MAS,12.8,-
アイディスマイル,DX,MAS,12.8,-
にっこり^^調査隊のテーマ,DX,MAS,12.8,12.8
深海シティアンダーグラウンド,DX,MAS,12.8,-
グッバイ宣言,DX,MAS,12.8,-
QUEEN,DX,MAS,12.8,-
セカイはまだ始まってすらいない,DX,MAS,12.7,-
ツギハギスタッカート,DX,MAS,12.7,-
ネガティブ進化論,DX,MAS,12.7,-
M.S.S.Planet,DX,MAS,,-
KING,DX,MAS,,-
ポッピンキャンディ☆フィーバー！,DX,MAS,,-
クレイジー・ビート,DX,MAS,,-
命に嫌われている,DX,MAS,,-
トラフィック・ジャム,DX,MAS,,-
セカイ,DX,MAS,,-
キュートなカノジョ,DX,MAS,,-
『んっあっあっ。』,DX,MAS,,-
キャットラビング,DX,MAS,,-
まにまに,DX,MAS,,-
グリーンライツ・セレナーデ,DX,MAS,,-
星屑ユートピア,DX,MAS,,-
ただ選択があった,DX,MAS,,-
独りんぼエンヴィー,DX,MAS,,-
39,DX,MAS,,-
天ノ弱,DX,MAS,,-
脳漿炸裂ガール,DX,MAS,,-
ゴーストルール,DX,MAS,,-
ダンスロボットダンス,DX,MAS,,-
CocktaiL,DX,MAS,,-
アカリがやってきたぞっ,DX,MAS,,-
イカサマライフゲイム,DX,MAS,,12.9
幾望の月,DX,MAS,,-
ビターチョコデコレーション,DX,MAS,,-
アンドロイドガール,DX,MAS,,-
KILLER B,DX,MAS,,-
アスヘノBRAVE,DX,MAS,,-
表裏一体,DX,MAS,,-
ガランド,DX,MAS,,-
ベノム,DX,MAS,,-
アスノヨゾラ哨戒班,DX,MAS,,12.8
自傷無色,DX,MAS,,-
永遠にゲームで対戦したいキリタン,DX,MAS,,-
Alice in 冷凍庫,DX,MAS,,-
猫猫的宇宙論,DX,MAS,,-
ラットが死んだnew words,DX,MAS,,-
阿吽のビーツ,DX,MAS,,-
needLe,DX,MAS,,-
終焉逃避行,DX,MAS,,-
テレキャスタービーボーイ,DX,ReMAS,,-
いーあるふぁんくらぶ,STD,ReMAS,,-
からくりピエロ,STD,ReMAS,,-
だんだん早くなる,STD,ReMAS,,-
ナイトメア☆パーティーナイト,STD,ReMAS,,-
幸せになれる隠しコマンドがあるらしい,STD,EXP,,-
アウターサイエンス,STD,EXP,,-
腐れ外道とチョコレゐト,STD,EXP,,-
脳漿炸裂ガール,STD,EXP,,-
白い雪のプリンセスは,STD,MAS,12.9,12.9
キミノヨゾラ哨戒班,STD,MAS,12.9,12.9
しんでしまうとはなさけない！,STD,MAS,12.9,-
ワールズエンド・ダンスホール,STD,MAS,12.8,12.9
エイリアンエイリアン,STD,MAS,12.8,-
シャルル,STD,MAS,12.8,12.9
フラジール,STD,MAS,12.8,-
おねがいダーリン,STD,MAS,12.8,12.8
SPiCa,STD,MAS,12.8,-
ダンシング☆サムライ,STD,MAS,12.7,-
弱虫モンブラン,STD,MAS,12.7,-
One Step Ahead,STD,MAS,12.7,-
すろぉもぉしょん,STD,MAS,12.7,-
ロミオとシンデレラ,STD,MAS,,-
39,STD,MAS,,-
I ♥,STD,MAS,,-
＊ハロー、プラネット。,STD,MAS,,-
モザイクロール,STD,MAS,,-
Sweet Devil,STD,MAS,,-
不毛！,STD,MAS,,-
LOL -lots of laugh-,STD,MAS,,-
イノコリ先生,STD,MAS,,-
Just Be Friends,STD,MAS,,-
StargazeR,STD,MAS,,-
Hand in Hand,STD,MAS,,-
ないせんのうた,STD,MAS,,-
アルカリレットウセイ,STD,MAS,,-
このふざけた素晴らしき世界は、僕の為にある,STD,MAS,,-
命ばっかり,STD,MAS,,-
解けないように,DX,MAS,12.8,-
全力ハッピーライフ,DX,MAS,12.8,-
色は匂へど散りぬるを,DX,MAS,12.7,-
つるぺったん,DX,MAS,12.7,-
銀のめぐり,DX,MAS,,-
悪戯センセーション,DX,MAS,,-
響け！CHIREI MY WAY!,DX,MAS,,-
チルノのパーフェクトさんすう教室　⑨周年バージョン,DX,MAS,,-
げきオコスティックファイナリアリティぷんぷんマスタースパーク,DX,MAS,,-
Witches night,DX,MAS,,-
Drive Your Fire,DX,MAS,,-
wheel,DX,MAS,,-
絡繰りドール,DX,MAS,,-
イヤホンロマンス,DX,MAS,,-
Spring of Dreams,DX,MAS,,-
明星ロケット,STD,ReMAS,12.7,-
Armageddon,DX,EXP,,-
Calamity Fortune,STD,EXP,12.9,-
Scream out! -maimai SONIC WASHER Edit-,STD,EXP,12.7,12.7
もうみんなしねばいいのに,STD,EXP,,12.7
チルノのパーフェクトさんすう教室,STD,MAS,12.9,-
物凄い勢いでけーねが物凄いうた,STD,MAS,12.9,-
華鳥風月,STD,MAS,12.8,-
宿題が終わらないっ！,STD,MAS,,-
フラグメンツ -T.V. maimai edit-,STD,MAS,,-
LOVE EAST,STD,MAS,,-
しゅわスパ大作戦☆,STD,MAS,,-
お嫁にしなさいっ！,STD,MAS,,-
ケロ⑨destiny,STD,MAS,,-
神々の祈り,STD,MAS,,-
究極焼肉レストラン！お燐の地獄亭！,STD,MAS,,-
Starlight Vision,STD,MAS,,-
天狗の落とし文 feat.ｙｔｒ,STD,MAS,,-
Destr0yer,DX,MAS,12.9,-
Play merrily NEO,DX,MAS,12.9,12.9
サンバランド,DX,MAS,12.8,-
ヒステリックナイトガール,DX,MAS,12.8,-
Let you DIVE!,DX,MAS,,-
tape/stop/night,DX,MAS,,-
Saika,DX,MAS,,-
さんさーら！,DX,MAS,,-
キミとボクのミライ,STD,ReMAS,12.7,-
City Escape:Act1,STD,ReMAS,12.7,-
Sky High [Reborn],STD,ReMAS,,-
ozma,DX,EXP,12.9,12.9
最強STRONGER,DX,EXP,12.8,-
PUPA,DX,EXP,12.8,12.8
神威,DX,EXP,12.8,12.8
エナドリおいしいソング,DX,EXP,,-
Aegleseeker,DX,EXP,,-
もぺもぺ,DX,EXP,,-
Mjölnir,DX,EXP,,12.7
Scarlet Lance,STD,EXP,12.9,12.9
METATRON,STD,EXP,12.8,12.8
FREEDOM DiVE (tpz Overcute Remix),STD,EXP,12.8,12.8
End Time,STD,EXP,12.8,-
B.B.K.K.B.K.K.,STD,EXP,12.7,-
極圏,STD,EXP,,-
"Good Bye, Mr. Jack",STD,EXP,,12.9
Maxi,STD,EXP,,-
Beat Of Mind,STD,EXP,,-
Urban Crusher[Remix],STD,EXP,,-
Mysterious Destiny,STD,EXP,,-
DRAGONLADY,STD,EXP,,-
Got more raves?,STD,EXP,,-
conflict,STD,EXP,,-
源平大戦絵巻テーマソング,STD,MAS,12.8,-
City Escape: Act1,STD,MAS,12.7,-
時空を超えて久しぶり！,STD,MAS,12.7,-
怪盗Rのテーマ,STD,MAS,12.7,-
Catch The Future,STD,MAS,,-
Quartet Theme[Reborn],STD,MAS,,-
Sky High[Reborn],STD,MAS,,-
御旗のもとに,STD,MAS,,-
神室雪月花,STD,MAS,,-
セガサターン起動音[H.][Remix],STD,MAS,,-
Burning Hearts ～炎のANGEL～,STD,MAS,,-
Brand-new Japanesque,STD,MAS,,-
終わりなき物語,STD,MAS,,-
Let's Go Away,STD,MAS,,-
Conquista Ciela,STD,MAS,,-
地上の戦士,STD,MAS,,-
Snow Colored Score,DX,MAS,12.9,12.9
Ring,DX,MAS,12.8,-
タテマエと本心の大乱闘,DX,MAS,12.7,-
popcorn,DX,MAS,,-
No Limit RED Force,DX,MAS,,12.7
最強 the サマータイム!!!!!,DX,MAS,,12.7
はちみつアドベンチャー,DX,MAS,,-
オーケー？オーライ！,DX,MAS,,-
Kiss Me Kiss,DX,MAS,,-
イロトリドリのメロディ,STD,MAS,12.7,-
Session High⤴,STD,MAS,,-
その群青が愛しかったようだった,STD,MAS,,-
脳天直撃,DX,EXP,12.9,12.9
MEGATON BLAST,DX,EXP,12.9,-
蜘蛛の糸,DX,EXP,12.8,-
Don't Fight The Music,DX,EXP,12.8,12.8
Trrricksters!!,DX,EXP,12.8,12.8
SQUAD-Phvntom-,DX,EXP,12.8,12.8
Hainuwele,DX,EXP,,12.9
FLUFFY FLASH,DX,EXP,,12.8
電光石火,DX,EXP,,12.8
Xevel,STD,EXP,12.9,12.9
エンドマークに希望と涙を添えて,STD,EXP,12.7,12.7
We Gonna Journey,STD,EXP,,-
My First Phone,STD,EXP,,12.7
World Vanquisher,STD,EXP,,-
♡マイマイマイラブ♡,DX,MAS,12.9,-
ミルキースター・シューティングスター,DX,MAS,12.9,-
ホシシズク,DX,MAS,12.9,13
マイオドレ！舞舞タイム,DX,MAS,12.8,-
Cry Cry Cry,DX,MAS,12.8,-
でらっくmaimai♪てんてこまい!,DX,MAS,12.7,-
ヤミツキ,DX,MAS,12.7,-
シアトリカル・ケース,DX,MAS,12.7,-
福宿音屋魂音泉,DX,MAS,,-
シエルブルーマルシェ,DX,MAS,,-
REAL VOICE,DX,MAS,,-
スローアライズ,DX,MAS,,-
トノサマビーム,DX,MAS,,-
ヱデン,DX,MAS,,-
Secret Sleuth,DX,MAS,,-
超常マイマイン,DX,MAS,,-
一か罰,DX,MAS,,-
Scarlet Wings,DX,MAS,,-
絡めトリック利己ライザー,DX,MAS,,-
Ututu,DX,MAS,,-
居並ぶ穀物と溜息まじりの運送屋,DX,MAS,,-
ステップアンドライム,DX,MAS,,-
星めぐり、果ての君へ。,DX,MAS,,-
洗脳,STD,ReMAS,,-
Starlight Disco,STD,ReMAS,,-
泣き虫O'Clock,STD,ReMAS,,-
オトヒメモリー☆ウタゲーション,STD,MAS,12.9,-
悪戯,STD,MAS,12.9,-
ENJOY POLIS,STD,MAS,12.9,-
Endless World,STD,MAS,12.8,-
おても☆Yan,STD,MAS,12.8,-
Dreampainter,STD,MAS,,-
welcome to maimai!! with マイマイマー,STD,MAS,,-
虹と太陽,STD,MAS,,-
Pixel Voyage,STD,MAS,,-
Backyun! -悪い女-,STD,MAS,,-
BETTER CHOICE,STD,MAS,,-
言ノ葉遊戯,STD,MAS,,-
Kinda Way,STD,MAS,,-
GIGANTØMAKHIA,DX,EXP,12.9,-
WiPE OUT MEMORIES,DX,EXP,12.9,12.9
VeRForTe αRtE:VEiN,DX,EXP,12.9,-
KHYMΞXΛ,DX,EXP,12.9,-
VERTeX (rintaro soma deconstructed remix),DX,EXP,12.8,-
地球,DX,EXP,12.8,12.8
Latent Kingdom,DX,EXP,12.8,-
Energizing Flame,DX,EXP,12.8,12.8
VSpook!,DX,EXP,,-
BREaK! BREaK! BREaK!,DX,EXP,,-
Metamorphosism,DX,EXP,,-
mystique as iris,DX,EXP,,-
封焔の135秒,DX,EXP,,-
BLACK SWAN,DX,EXP,,-
Rising on the horizon,DX,EXP,,-
#狂った民族２ PRAVARGYAZOOQA,DX,EXP,,12.7
“411Ψ892”,DX,EXP,,-
超熊猫的周遊記(ワンダーパンダートラベラー),DX,EXP,,-
BIRTH,DX,EXP,,-
"≠彡""/了→",DX,EXP,,-
Heavenly Blast,DX,EXP,,-
蒼穹舞楽,DX,EXP,,-
Lia=Fail,DX,EXP,,-
HECATONCHEIR,DX,EXP,,-
Sage,DX,EXP,,12.9
HERA,STD,EXP,12.9,12.9
Alea jacta est!,STD,EXP,12.9,-
We Gonna Party,STD,EXP,12.9,-
Get Happy,STD,EXP,12.9,-
Justified,STD,EXP,12.9,-
VIIIbit Explorer,STD,EXP,12.9,12.9
Imitation:Loud Lounge,STD,EXP,12.8,12.8
雷切 -RAIKIRI-,STD,EXP,12.8,12.8
"System ""Z""",STD,EXP,12.8,-
渦状銀河のシンフォニエッタ,STD,EXP,12.7,-
Axeria,STD,EXP,,-
CITRUS MONSTER,STD,EXP,,-
Ultranova,STD,EXP,,-
Fragrance,STD,EXP,,-
Streak,STD,EXP,,-
Life Feels Good,STD,EXP,,-
Beat of getting entangled,STD,EXP,,-
Caliburne ～Story of the Legendary sword～,STD,EXP,,-
Aiolos,STD,EXP,,-
Revive The Rave,STD,EXP,,-
Jumble Rumble,STD,EXP,,-
Panopticon,STD,EXP,,-
larva,STD,EXP,,-
Ragnarok,STD,EXP,,-
SILENT BLUE,STD,EXP,,-
花と、雪と、ドラムンベース。,STD,EXP,,-
Schwarzschild,STD,EXP,,-
FFT,STD,EXP,,-
アイドル,DX,MAS,11,11.4
アイドル,DX,ReMAS,13,13.1
壱雫空,DX,MAS,13+,13.6
壱雫空,DX,EXP,11,11
INTERNET YAMERO,DX,MAS,11+,11.9
INTERNET YAMERO,DX,ReMAS,13+,13.8
過去を喰らう,DX,MAS,12+,12.9
強風オールバック,DX,MAS,12+,12.6
寝起きヤシの木,DX,MAS,12+,12.8
ラビットホール,DX,MAS,11+,11.8
ラビットホール,DX,ReMAS,13,13.3
酔いどれ知らず,DX,MAS,11+,11.6
酔いどれ知らず,DX,ReMAS,13,13.2
匿名M,DX,MAS,12+,12.8
Freak Out Hr.,DX,MAS,13,13.3
さよならヒストリー,DX,MAS,13,13.1
New York Back Raise,DX,MAS,13+,13.7
New York Back Raise,DX,EXP,12+,12.7
MarbleBlue.,DX,MAS,14,14.4
MarbleBlue.,DX,EXP,12+,12.9
Λzure Vixen,DX,MAS,14+,14.7
Λzure Vixen,DX,EXP,13,13.2
エスオーエス,DX,MAS,13+,13.6
のじゃロリック,DX,MAS,13,13.1
Edelweiss,DX,MAS,13+,13.9
QuiQ,DX,MAS,14,14.4
QuiQ,DX,EXP,12+,12.9
ハッピーシンセサイザ,DX,MAS,12+,12.8
DUAL ROZES,DX,MAS,13+,13.7
MUSIC PЯAYER,DX,MAS,13,13.5
VOLT,DX,MAS,13,13.4
tiny tales continue,DX,MAS,13+,13.9
ouroboros -twin stroke of the end-,DX,MAS,14,14.4
ouroboros -twin stroke of the end-,DX,EXP,12,12.5
御旗のもとに,DX,MAS,13,13
IF:U,DX,MAS,14+,14.7
IF:U,DX,EXP,12+,12.8
カーニバルハッピー,DX,MAS,13,13.5
つづみぐさ,DX,MAS,13,13.3
サイバーサンダーサイダー,DX,MAS,13+,13.6
おくすり飲んで寝よう,DX,MAS,12+,12.8
Cider P@rty,DX,MAS,13,13.5
勦滅,DX,MAS,14,14.2
Lunatic Vibes,DX,MAS,13+,13.8
Bloody Trail,DX,MAS,14,14.5
Bloody Trail,DX,EXP,12+,12.8
バラバラ〜仮初レインボーローズ〜,DX,MAS,12+,12.7
新人類,DX,MAS,13+,13.7
ザムザ,DX,MAS,12+,12.9
バカ通信,DX,MAS,13+,13.7
ライアーダンサー,DX,MAS,13,13.2
LOSTPHANTASIA,DX,MAS,12+,12.7
Bad Apple!! feat.nomico (Tetsuya Komuro Remix),DX,MAS,13,13.1
INFiNiTE ENERZY -Overdoze-,DX,MAS,14,14
INFiNiTE ENERZY -Overdoze-,DX,EXP,13,13
Re:Unknown X,DX,MAS,14+,14.6
Re:Unknown X,DX,EXP,12,12.5
炎歌 -ほむらうた-,DX,MAS,13,13
sweet little sister,DX,MAS,13,13.4
RE:INCARNATED DRAGNER,DX,MAS,13+,13.8
Beginning together!,DX,MAS,13+,13.7
Shining Ray ～僕らの絆～,DX,MAS,13,13.3
DEVOTION,DX,MAS,14,14.3
Make Up Your World feat. キョンシーのCiちゃん & らっぷびと,DX,MAS,13,13.4
BOOM! BOOM!! BOOM!!!,DX,MAS,13+,13.6
Everybody Say HARDCORE TANO*C,DX,MAS,13,13.5
ミラクルポップ☆アドベンチャー!!!!!,DX,MAS,14,14.2
ミラクルポップ☆アドベンチャー!!!!!,DX,EXP,12,12.5
Trust,DX,MAS,13+,13.6
QUATTUORUX,DX,MAS,14,14.5
QUATTUORUX,DX,EXP,13,13
ラヴィ,DX,MAS,13,13.2
スティールユー,DX,MAS,13,13.1
オシオキGIMMICK!!,DX,MAS,12+,12.9
華の集落、秋のお届け,STD,MAS,13+,13.9
華の集落、秋のお届け,STD,EXP,12,12.5
Geranium,DX,MAS,13+,13.7
The Cursed Doll,DX,MAS,13,13.5
RondeauX of RagnaroQ,DX,MAS,14,14.5
RondeauX of RagnaroQ,DX,EXP,12,12.5
ℝ∈Χ LUNATiCA,DX,MAS,14+,14.8
ℝ∈Χ LUNATiCA,DX,EXP,12+,-
偉大なる悪魔は実は大天使パトラちゃん様なのだ！,DX,MAS,13+,13.8
シュガーホリック,DX,MAS,13,-
トンデモワンダーズ,DX,MAS,13.6,13.6
幻想のサテライト,DX,MAS,13.6,13.5
Scream out! -maimai SONIC WASHER Edit-,DX,MAS,13.6,-
HANIPAGANDA,DX,MAS,13.6,13.6
Halcyon,DX,MAS,13.6,13.5
Define,DX,MAS,13.6,-
CHOCOLATE BOMB!!!!,DX,MAS,13.6,13.7
Limits,DX,MAS,13.6,-
ピリオドサイン,DX,MAS,13.6,13.5
AMAZING MIGHTYYYY!!!!,STD,EXP,13.6,13.6
BAD∞END∞NIGHT,STD,MAS,13.6,-
Signature,STD,MAS,13.6,13.6
魔法少女とチョコレゐト,DX,MAS,13.5,13.5
Grip & Break down !!,DX,MAS,13.5,13.4
ナイト・オブ・ナイツ,DX,MAS,13.5,13.5
患部で止まってすぐ溶ける～狂気の優曇華院,DX,MAS,13.5,13.5
Calamity Fortune,DX,MAS,13.5,13.6
トランスダンスアナーキー,DX,MAS,13.5,13.5
神々が恋した幻想郷,DX,MAS,13.5,13.5
スカーレット警察のゲットーパトロール２４時,DX,MAS,13.5,13.5
conflict,DX,MAS,13.5,13.5
ENERGY SYNERGY MATRIX,DX,MAS,13.5,-
Rush-More,DX,MAS,13.5,13.5
INTERNET OVERDOSE,DX,MAS,13.5,13.5
Sunday Night feat Kanata.N,DX,MAS,13.5,13.5
ULTRA POWER,DX,MAS,13.5,13.5
We Are Us,DX,MAS,13.5,13.5
テリトリーバトル,DX,MAS,13.5,13.6
ツクヨミステップ,DX,MAS,13.5,13.5
Transcend Lights,DX,MAS,13.5,13.5
バーチャルダム　ネーション,DX,MAS,13.5,13.6
Now or Never,DX,MAS,13.5,-
Jörqer,DX,MAS,13.5,-
噛み係,DX,MAS,13.5,-
パーフェクション,DX,MAS,13.5,-
隠密あんみつDX,DX,MAS,13.5,13.5
Mystic Parade,DX,MAS,13.5,13.5
廻廻奇譚,DX,ReMAS,13.5,-
うまぴょい伝説,DX,ReMAS,13.5,13.5
ロウワー,DX,ReMAS,13.5,13.5
Link_M,STD,ReMAS,13.5,-
air's gravity,STD,ReMAS,13.5,-
Danza zandA,STD,ReMAS,13.5,-
D✪N’T ST✪P R✪CKIN’,STD,ReMAS,13.5,-
チューリングの跡,DX,EXP,13.5,13.5
ロストワンの号哭,STD,MAS,13.5,13.6
ありふれたせかいせいふく,STD,MAS,13.5,-
ECHO,STD,MAS,13.5,13.5
Magical Sound Shower,STD,MAS,13.5,13.4
EVERGREEN,STD,MAS,13.5,13.5
記憶、記録,STD,MAS,13.5,13.6
タカハせ！名人マン,STD,MAS,13.5,13.5
FEEL the BEATS,STD,MAS,13.5,13.6
アージェントシンメトリー,STD,MAS,13.5,13.5
相思創愛,STD,MAS,13.5,-
咲キ誇レ常世ノ華,STD,MAS,13.5,-
インドア系ならトラックメイカー,DX,MAS,13.4,-
ヒトガタ,DX,MAS,13.4,13.4
残響散歌,DX,MAS,13.4,13.4
ヒバリ,DX,MAS,13.4,13.4
アンダーキッズ,DX,MAS,13.4,13.4
セツナトリップ,DX,MAS,13.4,-
骸骨楽団とリリア,DX,MAS,13.4,13.4
絶え間なく藍色,DX,MAS,13.4,13.4
春嵐,DX,MAS,13.4,13.4
1000年生きてる,DX,MAS,13.4,13.4
ケロ⑨destiny,DX,MAS,13.4,13.4
響縁,DX,MAS,13.4,13.4
ソリッド,DX,MAS,13.4,-
物凄いヴァイブスで魔理沙が物凄いラップ,DX,MAS,13.4,-
ロストワードクロニカル,DX,MAS,13.4,-
インターネットサバイバー,DX,MAS,13.4,13.4
ベースラインやってる？笑,DX,MAS,13.4,13.4
ばかみたい【Taxi Driver Edition】,DX,MAS,13.4,-
with U,DX,MAS,13.4,13.4
Love kills U,DX,MAS,13.4,-
BOKUTO,DX,MAS,13.4,13.4
Splash Dance!!,DX,MAS,13.4,13.4
撩乱乙女†無双劇,DX,MAS,13.4,13.4
キリキリ舞Mine,DX,MAS,13.4,-
Technicians High,DX,MAS,13.4,-
ここからはじまるプロローグ。,DX,MAS,13.4,13.4
Aetheric Energy,DX,MAS,13.4,-
ユメヒバナ,DX,MAS,13.4,-
falling,DX,MAS,13.4,13.4
NOIZY BOUNCE,DX,MAS,13.4,13.4
ぽわわん劇場,DX,MAS,13.4,13.5
フタタビ,DX,MAS,13.4,13.4
ヴァンパイア,DX,ReMAS,13.4,13.4
39,STD,ReMAS,13.4,13.4
ブリキノダンス,STD,ReMAS,13.4,-
隠然,STD,ReMAS,13.4,13.4
Endless World,STD,ReMAS,13.4,-
Night Fly,STD,ReMAS,13.4,-
Blew Moon,STD,ReMAS,13.4,-
SPILL OVER COLORS,STD,ReMAS,13.4,-
the EmpErroR,STD,EXP,13.4,13.4
ウッーウッーウマウマ( ﾟ∀ﾟ),STD,MAS,13.4,13.4
真・ハンサム体操でズンドコホイ,STD,MAS,13.4,-
千本桜,STD,MAS,13.4,13.4
アンハッピーリフレイン,STD,MAS,13.4,-
どういうことなの！？,STD,MAS,13.4,-
ウミユリ海底譚,STD,MAS,13.4,13.4
+♂,STD,MAS,13.4,-
パーフェクト生命,STD,MAS,13.4,13.4
クノイチでも恋がしたい,STD,MAS,13.4,13.4
白ゆき,STD,MAS,13.4,13.4
バッド・ダンス・ホール,STD,MAS,13.4,-
ちがう!!!,STD,MAS,13.4,-
ドクハク,STD,MAS,13.4,13.4
ナンセンス文学,STD,MAS,13.4,13.6
このピアノでお前を8759632145回ぶん殴る,STD,MAS,13.4,-
フィクサー,STD,MAS,13.4,13.4
金の聖夜霜雪に朽ちて,STD,MAS,13.4,13.4
敗北の少年,STD,MAS,13.4,13.4
sweet little sister,STD,MAS,13.4,-
キャプテン・ムラサのケツアンカー,STD,MAS,13.4,-
蒼空に舞え、墨染の桜,STD,MAS,13.4,-
四次元跳躍機関,STD,MAS,13.4,-
No Routine,STD,MAS,13.4,-
Phantasm Brigade,STD,MAS,13.4,-
taboo tears you up,STD,MAS,13.4,-
チルノのパーフェクトさんすう教室 ⑨周年バージョン,STD,MAS,13.4,-
【東方ニコカラ】秘神マターラfeat.魂音泉【IOSYS】,STD,MAS,13.4,-
White Traveling Girl,STD,MAS,13.4,-
天国と地獄,STD,MAS,13.4,-
Urban Crusher [Remix],STD,MAS,13.4,-
YA･DA･YO [Reborn],STD,MAS,13.4,13.4
KONNANじゃないっ！,STD,MAS,13.4,-
Terminal Storm,STD,MAS,13.4,-
Windy Hill -Zone 1,STD,MAS,13.4,-
ファンタジーゾーン OPA-OPA! -GMT remix-,STD,MAS,13.4,-
RIDGE RACER STEPS -GMT remix-,STD,MAS,13.4,-
GOODMEN,STD,MAS,13.4,-
KISS CANDY FLAVOR,STD,MAS,13.4,-
Brain Power,STD,MAS,13.4,13.4
Change Our MIRAI!,STD,MAS,13.4,-
ハート・ビート,STD,MAS,13.4,-
私の中の幻想的世界観及びその顕現を想起させたある現実での出来事に関する一考察,STD,MAS,13.4,-
心象蜃気楼,STD,MAS,13.4,-
猫祭り,STD,MAS,13.4,13.4
Still,STD,MAS,13.4,13.4
SPICY SWINGY STYLE,STD,MAS,13.4,-
ソーラン☆節,STD,MAS,13.4,-
Spin me harder,STD,MAS,13.4,-
Lionheart,STD,MAS,13.4,13.4
Acceleration,STD,MAS,13.4,-
Blew Moon,STD,MAS,13.4,-
Danza zandA,STD,MAS,13.4,-
言ノ葉カルマ,STD,MAS,13.4,-
Dragoon,STD,MAS,13.4,13.4
Imitation:Loud Lounge,STD,MAS,13.4,-
Limit Break,STD,MAS,13.4,13.4
曖昧Mind,STD,MAS,13.4,-
FestivaLight,STD,MAS,13.4,13.4
Believe the Rainbow,STD,MAS,13.4,13.4
Dive into the ZONe,DX,MAS,13.3,13.3
In my world (Prod. KOTONOHOUSE),DX,MAS,13.3,-
デンパラダイム,DX,MAS,13.3,-
ロータスイーター,DX,MAS,13.3,13.3
ジェヘナ,DX,MAS,13.3,13.3
"大輪の魂 (feat. AO, 司芭扶)",DX,MAS,13.3,-
三妖精SAY YA!!!,DX,MAS,13.3,13.3
若い力,DX,MAS,13.3,13.3
PERSONA feat. PANXI,DX,MAS,13.3,13.3
パズルリボン,DX,MAS,13.3,-
Ghost Dance,DX,MAS,13.3,13.3
Y.Y.Y.計画!!!!,DX,MAS,13.3,13.3
Bad Apple!! feat.nomico 〜五十嵐撫子Ver.〜,DX,MAS,13.3,13.3
ナミダと流星,DX,MAS,13.3,13.3
Monochrome Rainbow,DX,MAS,13.3,13.3
ブレインジャックシンドローム,DX,MAS,13.3,-
ワードワードワード,DX,MAS,13.3,-
Round Round Spinning Around,DX,MAS,13.3,13.3
アンバークロニクル,DX,MAS,13.3,13.3
フォニイ,DX,ReMAS,13.3,13.3
神っぽいな,DX,ReMAS,13.3,13.3
STEREOSCAPE,DX,ReMAS,13.3,-
ワールズエンド・ダンスホール,STD,ReMAS,13.3,-
ロミオとシンデレラ,STD,ReMAS,13.3,-
ロキ,STD,ReMAS,13.3,13.3
結ンデ開イテ羅刹ト骸,STD,ReMAS,13.3,-
Bad Apple!! feat nomico,STD,ReMAS,13.3,-
サドマミホリック,STD,ReMAS,13.3,-
クレイジークレイジーダンサーズ,STD,ReMAS,13.3,-
Save This World νMix,STD,ReMAS,13.3,-
Backyun! -悪い女-,STD,ReMAS,13.3,-
言ノ葉カルマ,STD,ReMAS,13.3,-
玩具狂奏曲 -終焉-,DX,EXP,13.3,13.3
きたさいたま2000,STD,EXP,13.3,13.3
Credits,STD,EXP,13.3,13.3
The wheel to the right,STD,EXP,13.3,13.3
怒槌,STD,EXP,13.3,-
ガラテアの螺旋,STD,EXP,13.3,13.3
天火明命,STD,EXP,13.3,13.3
セハガガガンバッちゃう！！,STD,MAS,13.3,-
回レ！雪月花,STD,MAS,13.3,-
日本の米は世界一,STD,MAS,13.3,13.3
ジンギスカン,STD,MAS,13.3,-
天ノ弱,STD,MAS,13.3,-
セツナトリップ,STD,MAS,13.3,-
放課後ストライド,STD,MAS,13.3,-
ぽっぴっぽー,STD,MAS,13.3,13.3
おこちゃま戦争,STD,MAS,13.3,-
クローバー♣クラブ,STD,MAS,13.3,13.3
ストリーミングハート,STD,MAS,13.3,13.3
やめろ！聴くな！,STD,MAS,13.3,-
チュルリラ・チュルリラ・ダッダッダ！,STD,MAS,13.3,-
生きてるおばけは生きている,STD,MAS,13.3,-
ARROW,STD,MAS,13.3,13.3
ダンスロボットダンス,STD,MAS,13.3,13.3
アウターサイエンス,STD,MAS,13.3,-
砂の惑星 feat.HATSUNE MIKU,STD,MAS,13.3,-
アンノウン・マザーグース,STD,MAS,13.3,-
Seyana.～何でも言うことを聞いてくれるアカネチャン～,STD,MAS,13.3,-
魔理沙は大変なものを盗んでいきました,STD,MAS,13.3,13.3
Grip & Break down !!,STD,MAS,13.3,-
ナイト・オブ・ナイツ,STD,MAS,13.3,13.3
緋色のDance,STD,MAS,13.3,-
"Endless, Sleepless Night",STD,MAS,13.3,-
橙の幻想郷音頭,STD,MAS,13.3,-
東方妖々夢 ～the maximum moving about～,STD,MAS,13.3,-
Jimang Shot,STD,MAS,13.3,-
ひれ伏せ愚民どもっ！,STD,MAS,13.3,-
幽闇に目醒めしは,STD,MAS,13.3,-
Club Ibuki in Break All,STD,MAS,13.3,-
妖精村の月誕祭 ～Lunate Elf,STD,MAS,13.3,-
不思議の国のクリスマス,STD,MAS,13.3,13.3
Mysterious Destiny,STD,MAS,13.3,-
円舞曲、君に,STD,MAS,13.3,-
Live & Learn,STD,MAS,13.3,-
Save This World νMix,STD,MAS,13.3,-
レッツゴー！陰陽師,STD,MAS,13.3,-
鼓動,STD,MAS,13.3,-
Garden Of The Dragon,STD,MAS,13.3,-
オモイヨシノ,STD,MAS,13.3,-
L4TS:2018 (feat. あひる ＆ KTA),STD,MAS,13.3,-
幾四音-Ixion-,STD,MAS,13.3,-
brilliant better,STD,MAS,13.3,-
My Dearest Song,STD,MAS,13.3,-
あねぺったん,STD,MAS,13.3,13.3
炭★坑★節,STD,MAS,13.3,13.3
Sprintrances,STD,MAS,13.3,-
Black Out,STD,MAS,13.3,-
air's gravity,STD,MAS,13.3,-
CYCLES,STD,MAS,13.3,-
ユビキリ,STD,MAS,13.3,-
天国と地獄 -言ノ葉リンネ-,STD,MAS,13.3,-
Magical Flavor,STD,MAS,13.3,-
SPILL OVER COLORS,STD,MAS,13.3,-
VOLTAGE,DX,MAS,13.2,-
あの世行きのバスに乗ってさらば。,DX,MAS,13.2,13.2
Photon Melodies,DX,MAS,13.2,-
阿修羅ちゃん,DX,MAS,13.2,13.2
バイオレンストリガー,DX,MAS,13.2,-
アンクローズ・ヒューマン,DX,MAS,13.2,-
僕は空気が嫁ない,DX,MAS,13.2,-
ラグトレイン,DX,MAS,13.2,-
リモコン,DX,MAS,13.2,-
マーシャル・マキシマイザー,DX,MAS,13.2,13.2
へべれけジャンキー,DX,MAS,13.2,-
私のドッペルゲンガー,DX,MAS,13.2,-
テオ,DX,MAS,13.2,-
ずんだもんの朝食　～目覚ましずんラップ～,DX,MAS,13.2,13.2
ナイト・オブ・ナイツ (Cranky Remix),DX,MAS,13.2,13.2
紅星ミゼラブル～廃憶編,DX,MAS,13.2,13.2
キラメキ居残り大戦争,DX,MAS,13.2,13.2
ALiVE,DX,MAS,13.2,-
Southern Cross,DX,MAS,13.2,-
アイム・マイヒーロー,DX,MAS,13.2,-
Lights of Muse,DX,MAS,13.2,-
DROPS feat. Such,DX,MAS,13.2,-
I’m Here (feat. Merry Kirk-Holmes),DX,MAS,13.2,-
ポケットからぬりつぶせ！,DX,MAS,13.2,13.2
トリドリ⇒モリモリ！Lovely fruits☆,DX,MAS,13.2,13.2
単一指向性オーバーブルーム,DX,MAS,13.2,13.2
Catch Me If You Can,DX,MAS,13.2,-
P-qoq,DX,MAS,13.2,-
Flashkick,DX,MAS,13.2,-
デーモンベット,DX,MAS,13.2,-
サンバディ！,DX,MAS,13.2,13.2
シックスプラン,DX,MAS,13.2,-
うっせぇわ,DX,ReMAS,13.2,-
踊,DX,ReMAS,13.2,-
マトリョシカ,STD,ReMAS,13.2,13.3
Tell Your World,STD,ReMAS,13.2,-
妄想感傷代償連盟,STD,ReMAS,13.2,13.2
はやくそれになりたい！,STD,ReMAS,13.2,13.2
ヒバナ,STD,ReMAS,13.2,13.2
エピクロスの虹はもう見えない,STD,ReMAS,13.2,-
ってゐ！ ～えいえんてゐVer～,STD,ReMAS,13.2,-
Rooftop Run: Act1,STD,ReMAS,13.2,-
Strive against fate,DX,EXP,13.2,13.2
康莊大道,DX,EXP,13.2,-
ViRTUS,DX,EXP,13.2,-
DO RORO DERODERO ON DO RORO,STD,EXP,13.2,-
人里に下ったアタイがいつの間にか社畜になっていた件,STD,EXP,13.2,13.2
Kattobi KEIKYU Rider,STD,EXP,13.2,-
Glorious Crown,STD,EXP,13.2,-
Lividi,STD,EXP,13.2,13.2
Hyper Active,STD,EXP,13.2,-
HIMITSUスパーク,STD,MAS,13.2,-
ラブって♡ジュエリー♪えんじぇる☆ブレイク！！,STD,MAS,13.2,13.2
ガチャガチャきゅ～と・ふぃぎゅ＠メイト,STD,MAS,13.2,13.2
ローリンガール,STD,MAS,13.2,-
カゲロウデイズ,STD,MAS,13.2,13.2
炉心融解,STD,MAS,13.2,-
ダブルラリアット,STD,MAS,13.2,13.2
深海少女,STD,MAS,13.2,13.2
二息歩行,STD,MAS,13.2,13.3
ゴーストルール,STD,MAS,13.2,-
共感覚おばけ,STD,MAS,13.2,-
ミラクルペイント,STD,MAS,13.2,-
片想いサンバ,STD,MAS,13.2,-
フキゲンワルツ,STD,MAS,13.2,-
全人類ノ非想天則,STD,MAS,13.2,13.2
待チ人ハ来ズ。,STD,MAS,13.2,13.2
東方スイーツ！～鬼畜姉妹と受難メイド～,STD,MAS,13.2,-
YU-MU,STD,MAS,13.2,-
月に叢雲華に風,STD,MAS,13.2,-
Money Money,STD,MAS,13.2,-
超絶！Superlative,STD,MAS,13.2,-
采配の刻 Power of order,STD,MAS,13.2,-
awake,STD,MAS,13.2,-
キズナの物語,STD,MAS,13.2,-
サンバランド,STD,MAS,13.2,-
ドキドキDREAM!!!,STD,MAS,13.2,13.2
Bang Babang Bang!!!,STD,MAS,13.2,-
Night Fly,STD,MAS,13.2,-
Feel My Fire,STD,MAS,13.2,-
泣き虫O'clock,STD,MAS,13.2,13.2
Heartbeats,STD,MAS,13.2,-
End of Twilight,STD,MAS,13.2,13.2
maiム・maiム feat.週刊少年マガジン,STD,MAS,13.2,-
LUCIA,STD,MAS,13.2,-
MIRROR of MAGIC,STD,MAS,13.2,13.2
planet dancer,STD,MAS,13.2,-
connecting with you,STD,MAS,13.2,13.2
モザイクロール,DX,MAS,13.1,13.1
デリヘル呼んだら君が来た,DX,MAS,13.1,-
劣等上等,DX,MAS,13.1,-
ディカディズム,DX,MAS,13.1,-
失敗作少女,DX,MAS,13.1,-
アニマル,DX,MAS,13.1,-
ボッカデラベリタ,DX,MAS,13.1,-
幻想に咲いた花,DX,MAS,13.1,-
MOBILYS,DX,MAS,13.1,-
Starlight Disco,DX,MAS,13.1,-
Paradisoda,DX,MAS,13.1,13.1
トリアージ,DX,MAS,13.1,-
檄！帝国華撃団(改),STD,ReMAS,13.1,-
スピカの天秤,DX,EXP,13.1,-
夜明けまであと３秒,STD,EXP,13.1,-
TiamaT:F minor,STD,EXP,13.1,-
Turn Around,STD,EXP,13.1,-
Garakuta Doll Play,STD,EXP,13.1,-
Moon of Noon,STD,EXP,13.1,13.1
キレキャリオン,STD,MAS,13.1,-
右肩の蝶,STD,MAS,13.1,-
Invitation,STD,MAS,13.1,-
TRUST,STD,MAS,13.1,-
深海少女,DX,MAS,13,-
すーぱーぬこになれんかった,DX,MAS,13,-
アルティメットセンパイ,DX,MAS,13,-
悪魔の踊り方,DX,MAS,13,13
ノイローゼ,DX,MAS,13,-
アカツキアライヴァル,DX,MAS,13,-
エンヴィーベイビー,DX,MAS,13,-
EYE,DX,MAS,13,13
ワーワーワールド,DX,MAS,13,-
感情ディシーブ,DX,MAS,13,-
ド屑,DX,MAS,13,-
ノンブレス・オブリージュ,DX,MAS,13,13
RAD DOGS,DX,MAS,13,-
さよならプリンセス,DX,MAS,13,-
Paranoia,DX,MAS,13,-
Dive into The Sky ～initialized～,DX,MAS,13,-
下克上々,DX,MAS,13,-
ハウリング,DX,MAS,13,-
Sweets Time,DX,MAS,13,13
BANG!,DX,MAS,13,13.1
Shooting Shower～DANCE TIME(シンディ)～,DX,MAS,13,-
The 90's Decision,DX,MAS,13,-
アルカンシエル,DX,MAS,13,13
レーイレーイ,DX,MAS,13,-
みなえをチェック！,DX,MAS,13,13
ぱくぱく☆がーる,DX,MAS,13,13.1
コスモポップファンクラブ,DX,MAS,13,13
Stardust Memories,DX,MAS,13,-
共鳴,DX,MAS,13,-
ぼくたちいつでもしゅわっしゅわ！,DX,MAS,13,-
Boys O'Clock,DX,MAS,13,-
オリフィス,DX,MAS,13,-
届かない花束,DX,MAS,13,-
時計の国のジェミニ,DX,MAS,13,-
アンビバレンス,DX,MAS,13,-
ｉｓｏｐｈｏｔｅ,DX,MAS,13,-
RIFFRAIN,DX,MAS,13,-
くらべられっ子,DX,ReMAS,13,13
ヴィラン,DX,ReMAS,13,-
星めぐり、果ての君へ。,DX,ReMAS,13,-
お気に召すまま,STD,ReMAS,13,-
Love’s Theme of BADASS ～バッド・アス 愛のテーマ～,DX,EXP,13,-
Apollo,DX,EXP,13,13
otorii INNOVATED -[i]3-,DX,EXP,13,-
LAMIA,DX,EXP,13,-
STEEL TRANSONIC,DX,EXP,13,-
Valsqotch,DX,EXP,13,-
VIIIbit Explorer,DX,EXP,13,-
躯樹の墓守,DX,EXP,13,-
World's end loneliness,DX,EXP,13,13
YA･DA･YO [Reborn],STD,EXP,13,-
Ignis Danse,STD,EXP,13,-
麒麟,STD,EXP,13,-
ENERGY SYNERGY MATRIX,STD,EXP,13,13
Black Out,STD,EXP,13,-
Contrapasso -paradiso-,STD,EXP,13,-
Our Wrenally,STD,EXP,13,-
ねぇ、壊れタ人形ハ何処へ棄テらレるノ？,STD,EXP,13,13
Excalibur ～Revived resolution～,STD,EXP,13,-
QZKago Requiem,STD,EXP,13,13
fake!fake!,STD,MAS,13,-
ネ！コ！,STD,MAS,13,-
ヘルシーエンド,STD,MAS,13,-
しねばいいのに,STD,MAS,13,13
響縁,STD,MAS,13,-
Fist Bump,STD,MAS,13,-
Barbed Eye,STD,MAS,13,13
ぴぴぱぷぅ！,STD,MAS,13,-
Monochrome Rainbow,STD,MAS,13,-
JUMPIN' JUMPIN',STD,MAS,13,-
初音天地開闢神話,DX,MAS,13.9,13.9
taboo tears you up,DX,MAS,13.9,13.9
Yakumo >>JOINT STRUGGLE (2019 Update),DX,MAS,13.9,13.9
マツヨイナイトバグ,DX,MAS,13.9,13.9
Armageddon,DX,MAS,13.9,-
NULCTRL,DX,MAS,13.9,13.9
CHAOS,DX,MAS,13.9,13.9
Ether Strike,DX,MAS,13.9,13.9
Arty Party,DX,MAS,13.9,13.9
もぺもぺ,DX,MAS,13.9,13.9
Sound Chimera,DX,MAS,13.9,13.9
Strange Bar,DX,MAS,13.9,13.9
MEGATON KICK,DX,MAS,13.9,13.9
スーパーシンメトリー,DX,MAS,13.9,13.9
Dreadnought,DX,MAS,13.9,13.9
Caterpillar Song,DX,MAS,13.9,13.9
Estahv,DX,MAS,13.9,13.9
First Dance,DX,MAS,13.9,13.9
Reach For The Stars (Re-Colors),DX,MAS,13.9,13.9
れっつ！みらくる☆はーどこあっ！,DX,MAS,13.9,13.9
NightTheater,DX,MAS,13.9,13.9
ozma,DX,MAS,13.9,13.9
玩具狂奏曲 -終焉-,DX,MAS,13.9,13.9
立川浄穢捕物帳,DX,MAS,13.9,13.9
LiftOff,DX,MAS,13.9,13.9
ハードコア・シンドローム,DX,MAS,13.9,13.9
folern,DX,MAS,13.9,13.9
Selector,DX,MAS,13.9,13.9
モ°ルモ°ル,DX,MAS,13.9,13.9
GRÄNDIR,DX,MAS,13.9,13.9
パラボラ,DX,MAS,13.9,13.9
Last Samurai,DX,MAS,13.9,13.9
蒼穹舞楽,DX,MAS,13.9,13.9
華の集落、秋のお届け,DX,MAS,13.9,13.9
パラマウント☆ショータイム！！,DX,MAS,13.9,14
HAGAKIRI,DX,MAS,13.9,13.9
白花の天使,DX,MAS,13.9,13.8
[X],DX,MAS,13.9,13.9
群青シグナル,DX,MAS,13.9,13.9
Horoscope Express,DX,MAS,13.9,14
Redemption,DX,MAS,13.9,-
Ether Second,DX,MAS,13.9,13.9
熱異常,DX,ReMAS,13.9,13.9
バグ,DX,ReMAS,13.9,13.9
Southern Cross,DX,ReMAS,13.9,13.9
Sun Dance,STD,ReMAS,13.9,-
JACKY [Remix],STD,ReMAS,13.9,13.9
PANDORA PARADOXXX,STD,EXP,13.9,13.9
デッドレッドガールズ,STD,MAS,13.9,13.9
初音ミクの消失,STD,MAS,13.9,13.9
Cosmic Magic Shooter,STD,MAS,13.9,13.9
少女幻葬戦慄曲 ～ Necro Fantasia,STD,MAS,13.9,13.9
最終鬼畜妹・一部声,STD,MAS,13.9,13.9
儚きもの人間,STD,MAS,13.9,13.9
アマノジャクリバース feat. ｙｔｒ,STD,MAS,13.9,13.9
Imperishable Night 2006 (2016 Refine),STD,MAS,13.9,13.9
Reach For The Stars,STD,MAS,13.9,13.9
FLOWER,STD,MAS,13.9,13.9
Sakura Fubuki,STD,MAS,13.9,13.9
ENERGY SYNERGY MATRIX,STD,MAS,13.9,13.9
ULTRA B+K,STD,MAS,13.9,-
セイクリッド　ルイン,STD,MAS,13.9,13.9
"Good Bye, Mr. Jack",STD,MAS,13.9,13.9
閃鋼のブリューナク,STD,MAS,13.9,13.9
We Gonna Journey,STD,MAS,13.9,-
火炎地獄,STD,MAS,13.9,14
GEMINI -M-,STD,MAS,13.9,13.9
Hyper Active,STD,MAS,13.9,13.9
天火明命,STD,MAS,13.9,14
四月の雨,STD,MAS,13.9,13.9
Justified,STD,MAS,13.9,14
デスパレイト,STD,MAS,13.9,13.9
Baddest,DX,MAS,13.8,13.8
あつすぎの歌,DX,MAS,13.8,13.8
HUMANBORG,DX,MAS,13.8,13.8
星界ちゃんと可不ちゃんのおつかい合騒曲,DX,MAS,13.8,13.8
"Little ""Sister"" Bitch",DX,MAS,13.8,13.8
Maxi,DX,MAS,13.8,13.8
プナイプナイせんそう,DX,MAS,13.8,13.8
Black Lair,DX,MAS,13.8,13.8
energy trixxx,DX,MAS,13.8,13.8
Lunar Mare,DX,MAS,13.8,13.8
c.s.q.n.,DX,MAS,13.8,13.8
Big Daddy,DX,MAS,13.8,13.8
Upshift,DX,MAS,13.8,13.8
Lost Desire,DX,MAS,13.8,13.8
Alice's Suitcase,DX,MAS,13.8,13.8
Knight Rider,DX,MAS,13.8,13.8
Final Step!,DX,MAS,13.8,13.8
Halfway(>∀<),DX,MAS,13.8,13.8
Complex Mind,DX,MAS,13.8,13.8
MAGENTA POTION,DX,MAS,13.8,13.8
OMAKENO Stroke,DX,MAS,13.8,13.8
DANGEROOOOUS JUNGLE,DX,MAS,13.8,13.8
Rush-Hour,DX,MAS,13.8,13.8
管弦楽組曲 第3番 ニ長調「第2曲(G線上のアリア)」BWV.1068-2,DX,MAS,13.8,13.8
宛城、炎上！！,DX,MAS,13.8,13.8
ハジマリノピアノ,DX,MAS,13.8,-
See The Light,DX,MAS,13.8,13.8
8-EM,DX,MAS,13.8,13.8
MAGNETAR GIRL,DX,MAS,13.8,-
ピュグマリオンの咒文,DX,MAS,13.8,13.8
Last Kingdom,DX,MAS,13.8,13.8
PinqPiq (xovevox Remix),DX,MAS,13.8,13.8
MAXRAGE,DX,MAS,13.8,13.8
Blows Up Everything,DX,MAS,13.8,-
VANTABLACK RAVER,DX,MAS,13.8,-
Never Give Up!,DX,MAS,13.8,13.8
前衛的Landscape,DX,MAS,13.8,13.8
Jouez Avec Moi?,DX,MAS,13.8,13.8
Rainbow Rush Story,DX,MAS,13.8,13.8
You Mean the World to Me,DX,MAS,13.8,13.8
Neon Kingdom,DX,MAS,13.8,13.8
星見草,DX,MAS,13.8,13.8
enchanted wanderer,DX,MAS,13.8,13.8
Kairos,DX,MAS,13.8,13.6
宵の鳥,DX,MAS,13.8,13.7
ここからはじまるプロローグ。 (Kanon Remix),DX,MAS,13.8,13.8
Churros Parlor,DX,MAS,13.8,13.8
POWER OF UNITY,DX,MAS,13.8,13.9
フェイクフェイス・フェイルセイフ,DX,MAS,13.8,13.8
ふらふらふら、,DX,MAS,13.8,13.8
青春コンプレックス,DX,ReMAS,13.8,13.8
単一指向性オーバーブルーム,DX,ReMAS,13.8,-
超常マイマイン,DX,ReMAS,13.8,13.8
ぼくたちいつでも　しゅわっしゅわ！,DX,ReMAS,13.8,13.8
立ち入り禁止,STD,ReMAS,13.8,13.8
Limit Break,STD,ReMAS,13.8,13.7
花と、雪と、ドラムンベース。,STD,ReMAS,13.8,13.8
系ぎて,DX,EXP,13.8,13.8
Nyan Cat EX,STD,MAS,13.8,13.8
トルコ行進曲 - オワタ＼(^o^)／,STD,MAS,13.8,13.8
裏表ラバーズ,STD,MAS,13.8,13.9
六兆年と一夜物語,STD,MAS,13.8,13.8
頓珍漢の宴,STD,MAS,13.8,13.8
厨病激発ボーイ,STD,MAS,13.8,13.8
人生リセットボタン,STD,MAS,13.8,13.8
拝啓ドッペルゲンガー,STD,MAS,13.8,13.8
終点,STD,MAS,13.8,13.7
Doll Judgment,STD,MAS,13.8,13.8
ネクロファンタジア～Arr.Demetori,STD,MAS,13.8,13.8
Space Harrier Main Theme [Reborn],STD,MAS,13.8,13.8
DADDY MULK -Groove remix-,STD,MAS,13.8,13.8
Scars of FAUNA,STD,MAS,13.8,13.8
Last Brave ～ Go to zero,STD,MAS,13.8,-
MilK,STD,MAS,13.8,13.8
Infantoon Fantasy,STD,MAS,13.8,13.8
DETARAME ROCK&ROLL THEORY,STD,MAS,13.8,13.8
My First Phone,STD,MAS,13.8,13.8
奏者はただ背中と提琴で語るのみ,STD,MAS,13.8,13.8
FEEL ALIVE,STD,MAS,13.8,13.8
Get Happy,STD,MAS,13.8,13.8
Death Scythe,STD,MAS,13.8,13.8
D✪N’T ST✪P R✪CKIN’,STD,MAS,13.8,13.8
LANCE,STD,MAS,13.8,13.8
スリップフリップ,STD,MAS,13.8,13.8
Revive The Rave,STD,MAS,13.8,13.8
高気圧ねこロック,STD,MAS,13.8,13.8
Candy Tall Woman,STD,MAS,13.8,13.8
Mare Maris,STD,MAS,13.8,13.8
Technicians High,STD,MAS,13.8,13.8
泥の分際で私だけの大切を奪おうだなんて,DX,MAS,13.7,13.7
Princess♂,DX,MAS,13.7,13.7
モンダイナイトリッパー！,DX,MAS,13.7,13.6
"Hello, Hologram",DX,MAS,13.7,13.7
六兆年と一夜物語,DX,MAS,13.7,13.7
マネマネサイコトロピック,DX,MAS,13.7,13.7
エゴロック,DX,MAS,13.7,13.7
きゅうくらりん,DX,MAS,13.7,13.7
IMAWANOKIWA,DX,MAS,13.7,13.7
Sweet Requiem,DX,MAS,13.7,13.7
リスペク風神,DX,MAS,13.7,13.7
アトロポスと最果の探究者,DX,MAS,13.7,13.7
Entrance,DX,MAS,13.7,-
Cyaegha,DX,MAS,13.7,-
カラッポ・ノンフィクション,DX,MAS,13.7,-
emomomo,DX,MAS,13.7,13.7
MAKE IT FUNKY NOW,DX,MAS,13.7,13.7
ヒミツCULT,DX,MAS,13.7,13.7
LOSE CONTROL,DX,MAS,13.7,-
enchanted love,DX,MAS,13.7,13.7
Random,DX,MAS,13.7,13.7
コンティニュー！ feat. 藍月なくる,DX,MAS,13.7,13.6
月面基地,DX,MAS,13.7,13.7
BOUNCE & DANCE,DX,MAS,13.7,13.7
『ウソテイ』 ～一回戦せりなvsしろなvsなずな～,DX,MAS,13.7,13.7
Oshama Scramble!,DX,MAS,13.7,13.6
oboro,DX,MAS,13.7,13.7
魔ジョ狩リ,DX,MAS,13.7,13.7
TwisteD! XD,DX,MAS,13.7,-
My My My,DX,MAS,13.7,-
Komplexe,DX,MAS,13.7,13.7
Beautiful Future,DX,MAS,13.7,13.7
生命不詳,DX,MAS,13.7,13.7
とびだせ！TO THE COSMIC!!,DX,MAS,13.7,13.7
ヨミビトシラズ,DX,MAS,13.7,-
Irresistible,DX,MAS,13.7,13.6
星空パーティーチューン,DX,MAS,13.7,13.7
OTOGEMA,DX,MAS,13.7,13.6
遺伝子レベル∞スパイラル,DX,MAS,13.7,13.7
分解収束テイル,DX,MAS,13.7,-
にゃーにゃー冒険譚,DX,MAS,13.7,13.7
リフヴェイン,DX,MAS,13.7,13.7
モ°ルモ°ル (MZK Skippin' Remix),DX,MAS,13.7,13.7
my flow,DX,MAS,13.7,13.7
おとせサンダー,DX,ReMAS,13.7,13.7
レーイレーイ,DX,ReMAS,13.7,13.7
Secret Sleuth,DX,ReMAS,13.7,13.7
シエルブルーマルシェ,DX,ReMAS,13.7,13.7
Never Give Up!,DX,ReMAS,13.7,13.7
インビジブル,STD,ReMAS,13.7,13.7
緋色のDance,STD,ReMAS,13.7,-
CYBER Sparks,STD,ReMAS,13.7,13.7
最終鬼畜妹フランドール・S,STD,ReMAS,13.7,-
Crush On You,STD,ReMAS,13.7,-
DADDY MULK -Groove remix-,STD,ReMAS,13.7,-
Burning Hearts ～炎のANGEL～,STD,ReMAS,13.7,-
We Gonna Party,STD,ReMAS,13.7,13.7
みんなのマイマイマー,STD,ReMAS,13.7,13.7
LUCIA,STD,ReMAS,13.7,13.7
planet dancer,STD,ReMAS,13.7,-
sølips,DX,EXP,13.7,13.7
raputa,DX,EXP,13.7,13.7
ギリギリ最強あいまいみー！,STD,MAS,13.7,13.7
REVIVER オルタンシア･サーガ-蒼の騎士団- オリジナルVer.,STD,MAS,13.7,13.7
Rodeo Machine,STD,MAS,13.7,13.7
にじよめちゃん体操第一億,STD,MAS,13.7,13.7
おちゃめ機能,STD,MAS,13.7,13.6
腐れ外道とチョコレゐト,STD,MAS,13.7,13.7
夜咄ディセイブ,STD,MAS,13.7,13.7
ネトゲ廃人シュプレヒコール,STD,MAS,13.7,13.7
magician's operation,STD,MAS,13.7,13.7
どうしてこうなった,STD,MAS,13.7,13.7
赤心性：カマトト荒療治,STD,MAS,13.7,13.7
ゆっくりしていってね！！！,STD,MAS,13.7,-
木彫り鯰と右肩ゾンビ,STD,MAS,13.7,-
吉原ラメント,STD,MAS,13.7,13.7
すーぱーぬこになりたい,STD,MAS,13.7,13.7
リンカーネイション,STD,MAS,13.7,-
ドーナツホール,STD,MAS,13.7,13.6
患部で止まってすぐ溶ける～狂気の優曇華院,STD,MAS,13.7,13.7
エテルニタス・ルドロジー,STD,MAS,13.7,-
オーディエンスを沸かす程度の能力 feat.タイツォン,STD,MAS,13.7,13.6
疾走あんさんぶる,STD,MAS,13.7,13.7
進め！イッスン軍団 -Rebellion of the Dwarfs-,STD,MAS,13.7,13.7
進捗どうですか？,STD,MAS,13.7,13.6
JACKY [Remix],STD,MAS,13.7,13.7
DO RORO DERODERO ON DO RORO,STD,MAS,13.7,13.7
ココロスキャンのうた,STD,MAS,13.7,13.7
Back 2 Back,STD,MAS,13.7,13.7
コトバ・カラフル,STD,MAS,13.7,13.7
リッジでリッジでGO!GO!GO! -GMT mashup-,STD,MAS,13.7,13.7
オパ! オパ! RACER -GMT mashup-,STD,MAS,13.7,13.7
電車で電車でOPA!OPA!OPA! -GMT mashup-,STD,MAS,13.7,13.7
L9,STD,MAS,13.7,13.7
After Burner,STD,MAS,13.7,13.7
"Party 4U ""holy nite mix""",STD,MAS,13.7,-
STAIRWAY TO GENERATION,STD,MAS,13.7,-
Altale,STD,MAS,13.7,13.7
無敵We are one!!,STD,MAS,13.7,13.7
光線チューニング,STD,MAS,13.7,13.7
猛進ソリストライフ！,STD,MAS,13.7,13.7
なるとなぎのパーフェクトロックンロール教室,STD,MAS,13.7,13.7
-OutsideR:RequieM-,STD,MAS,13.7,13.7
Kattobi KEIKYU Rider,STD,MAS,13.7,13.7
炎歌 -ほむらうた-,STD,MAS,13.7,13.7
Turn around,STD,MAS,13.7,13.7
We Gonna Party,STD,MAS,13.7,13.7
Streak,STD,MAS,13.7,13.7
Life Feels Good,STD,MAS,13.7,-
Beat of getting entangled,STD,MAS,13.7,13.7
みんなのマイマイマー,STD,MAS,13.7,13.7
BREAK YOU!!,STD,MAS,13.7,13.7
L'epilogue,STD,MAS,13.7,13.7
ピーマンたべたら,STD,MAS,13.7,13.7
oboro,STD,MAS,13.7,13.7
空威張りビヘイビア,STD,MAS,13.7,13.7
いっしそう電☆舞舞神拳！,STD,MAS,13.7,13.7
Selector,STD,MAS,13.7,13.7
夢花火,STD,MAS,13.7,13.7
系ぎて,DX,ReMAS,15,15
PANDORA PARADOXXX,STD,ReMAS,15,15
躯樹の墓守,DX,MAS,14.9,14.9
sølips,DX,MAS,14.9,14.9
World's end loneliness,DX,MAS,14.9,14.9
Latent Kingdom,DX,MAS,14.8,14.9
raputa,DX,MAS,14.9,14.9
QZKago Requiem,STD,ReMAS,14.9,14.9
Schwarzschild,STD,ReMAS,14.9,14.9
the EmpErroR,STD,ReMAS,14.9,14.9
PANDORA PARADOXXX,STD,MAS,14.9,14.9
封焔の135秒,DX,MAS,14.8,14.8
Heavenly Blast,DX,MAS,14.8,14.8
VeRForTe αRtE:VEiN,DX,MAS,14.8,14.8
Straight into the lights,DX,MAS,14.8,14.8
系ぎて,DX,MAS,14.8,14.8
In Chaos,STD,ReMAS,14.8,14.8
Garakuta Doll Play,STD,ReMAS,14.8,14.8
Alea jacta est!,STD,ReMAS,14.8,14.8
雷切-RAIKIRI-,STD,ReMAS,14.8,14.8
怒槌,STD,MAS,14.8,14.8
Glorious Crown,STD,MAS,14.8,14.8
Our Wrenally,STD,MAS,14.8,14.8
Excalibur ～Revived Resolution～,STD,MAS,14.8,14.8
larva,STD,MAS,14.8,14.8
SILENT BLUE,STD,MAS,14.8,14.8
QZKago Requiem,STD,MAS,14.8,14.8
the EmpErroR,STD,MAS,14.8,14.8
LAMIA,DX,MAS,14.7,14.7
Apollo,DX,MAS,14.7,14.7
ジングルベル,DX,MAS,14.7,14.7
TEmPTaTiON,DX,MAS,14.7,14.7
Valsqotch,DX,MAS,14.7,14.7
Regulus,DX,MAS,14.7,14.7
BREaK! BREaK! BREaK!,DX,MAS,14.7,14.7
VIIIbit Explorer,DX,MAS,14.7,14.7
Lia=Fail,DX,MAS,14.7,14.7
GIGANTØMAKHIA,DX,MAS,14.7,14.7
チューリングの跡,DX,MAS,14.7,14.7
WiPE OUT MEMORIES,DX,MAS,14.7,14.7
Metamorphosism,DX,MAS,14.7,14.7
康莊大道,DX,MAS,14.7,14.7
超熊猫的周遊記(ワンダーパンダートラベラー),DX,MAS,14.8,14.7
KHYMΞXΛ,DX,MAS,14.7,14.7
ガラテアの螺旋,STD,ReMAS,14.7,14.7
End Time,STD,MAS,14.7,14.7
AMAZING MIGHTYYYY!!!!,STD,MAS,14.7,14.7
雷切-RAIKIRI-,STD,MAS,14.6,14.7
神威,DX,MAS,14.6,14.6
Titania,DX,MAS,14.6,14.6
脳天直撃,DX,MAS,14.6,14.6
渦状銀河のシンフォニエッタ,DX,MAS,14.6,14.6
AMABIE,DX,MAS,14.6,14.6
BLACK SWAN,DX,MAS,14.6,14.6
Yorugao,DX,MAS,14.7,14.6
mystique as iris,DX,MAS,14.7,14.6
ViRTUS,DX,MAS,14.7,14.6
VERTeX (rintaro soma deconstructed remix),DX,MAS,14.7,14.6
Fragrance,STD,ReMAS,14.5,14.6
Ignis Danse,STD,MAS,14.6,14.6
TiamaT:F minor,STD,MAS,14.6,14.6
ガラテアの螺旋,STD,MAS,14.6,14.6
VERTeX,STD,MAS,14.5,14.6
Prophesy One,STD,MAS,14.6,14.6
最強STRONGER,DX,MAS,14.6,14.5
Sage,DX,MAS,14.6,14.5
初音ミクの消失,DX,MAS,14.5,14.5
BATTLE NO.1,DX,MAS,14.5,14.5
Aegleseeker,DX,MAS,14.5,14.5
PUPA,DX,MAS,14.5,14.5
Falsum Atlantis.,DX,MAS,14.5,14.5
otorii INNOVATED -[i]3-,DX,MAS,14.5,14.5
アポカリプスに反逆の焔を焚べろ,DX,MAS,14.5,14.5
BIRTH,DX,MAS,14.5,14.5
"Sqlupp (Camellia's ""Sqleipd*Hiytex"" Remix)",DX,MAS,14.5,14.5
Raven Emperor,DX,MAS,14.5,14.5
Strive against fate,DX,MAS,14.5,14.5
Rising on the horizon,DX,MAS,14.5,14.5
源平大戦絵巻テーマソング,STD,ReMAS,14.5,14.5
Beat of getting entangled,STD,ReMAS,14.5,14.5
Dragoon,STD,ReMAS,14.5,14.5
AMAZING MIGHTYYYY!!!!,STD,ReMAS,14.5,14.5
FFT,STD,ReMAS,14.5,14.5
初音ミクの激唱,STD,MAS,14.4,14.5
FUJIN Rumble,STD,MAS,14.5,14.5
Credits,STD,MAS,14.5,14.5
Axeria,STD,MAS,14.5,14.5
Oshama Scramble!,STD,MAS,14.5,14.5
CITRUS MONSTER,STD,MAS,14.5,14.5
ねぇ、壊れタ人形ハ何処へ棄テらレるノ？,STD,MAS,14.5,14.5
VIIIbit Explorer,STD,MAS,14.5,14.5
felys -final remix-,DX,MAS,14.4,14.4
Re：End of a Dream,DX,MAS,14.4,14.4
CO5M1C R4ILR0AD,DX,MAS,14.4,14.4
Mjölnir,DX,MAS,14.4,14.4
天使光輪,DX,MAS,14.4,14.4
YURUSHITE,DX,MAS,14.4,14.4
スピカの天秤,DX,MAS,14.4,14.4
Trrricksters!!,DX,MAS,14.5,14.4
FLUFFY FLASH,DX,MAS,14.3,14.4
GEOMETRIC DANCE,DX,MAS,14.4,14.4
UniTas,DX,MAS,14.3,14.4
ARAIS,DX,MAS,14.4,14.4
"≠彡""/了→",DX,MAS,14.4,14.4
ほしぞらスペクタクル,DX,MAS,14.4,14.4
U&iVERSE -銀河鸞翔-,DX,MAS,14.4,14.4
Trick tear,DX,MAS,14.4,14.4
#狂った民族２ PRAVARGYAZOOQA,DX,MAS,14.4,14.4
VSpook!,DX,MAS,14.4,14.4
Energizing Flame,DX,MAS,14.4,14.4
バーチャルダム　ネーション,DX,ReMAS,14.4,14.4
Revive The Rave,STD,ReMAS,14.4,14.4
極圏,STD,MAS,14.4,14.4
MYTHOS,STD,MAS,14.4,14.4
"System ""Z""",STD,MAS,14.4,14.4
Contrapasso -paradiso-,STD,MAS,14.4,14.4
7thSense,STD,MAS,14.4,14.4
Moon of Noon,STD,MAS,14.4,14.4
Alea jacta est!,STD,MAS,14.4,14.4
Cthugha,DX,MAS,14.3,14.3
田中,DX,MAS,14.3,14.3
Climax,DX,MAS,14.3,14.3
MEGATON BLAST,DX,MAS,14.3,14.3
宿星審判,DX,MAS,14.3,14.3
SUPER AMBULANCE,DX,MAS,14.3,14.3
電光石火,DX,MAS,14.3,14.3
Hainuwele,DX,MAS,14.3,14.3
SQUAD -Phvntom-,DX,MAS,14.4,14.3
STEEL TRANSONIC,DX,MAS,14.3,14.3
Xenovcipher,DX,MAS,14.3,14.3
N3V3R G3T OV3R,DX,MAS,14.3,14.3
Swift Swing,DX,MAS,14.3,14.3
“411Ψ892”,DX,MAS,14.3,14.3
地球,DX,MAS,14.3,14.3
Party☆People☆Princess,DX,MAS,14.3,14.3
Blows Up Everything,DX,ReMAS,14.3,14.3
ナイト・オブ・ナイツ,STD,ReMAS,14.3,14.3
Halcyon,STD,MAS,14.3,14.3
エンドマークに希望と涙を添えて,STD,MAS,14.3,14.3
World Vanquisher,STD,MAS,14.3,14.3
Xevel,STD,MAS,14.3,14.3
ジングルベル,STD,MAS,14.3,14.3
Caliburne ～Story of the Legendary sword～,STD,MAS,14.3,14.3
Aiolos,STD,MAS,14.3,14.3
HERA,STD,MAS,14.2,14.3
Panopticon,STD,MAS,14.2,14.3
花と、雪と、ドラムンベース。,STD,MAS,14.3,14.3
渦状銀河のシンフォニエッタ,STD,MAS,14.3,14.3
デッドマンズバラッド,DX,MAS,14.2,14.2
Maboroshi,DX,MAS,14.2,14.2
竹,DX,MAS,14.2,14.2
BULK UP (GAME EXCLUSIVE EDIT),DX,MAS,14.2,14.2
Desperado Waltz,DX,MAS,14.2,14.2
蜘蛛の糸,DX,MAS,14.2,14.2
インパアフェクシオン・ホワイトガアル,DX,MAS,14.2,14.2
チエルカ／エソテリカ,DX,MAS,14.2,14.2
NAGAREBOSHI☆ROCKET,DX,MAS,14.2,14.2
MAXRAGE,DX,ReMAS,14.2,14.2
ロストワンの号哭,STD,ReMAS,14.2,14.2
Beat Of Mind,STD,ReMAS,14.2,14.2
FLOWER,STD,ReMAS,14.2,14.2
ジングルベル,STD,ReMAS,14.2,14.2
記憶、記録,STD,ReMAS,14.2,14.2
Death Scythe,STD,ReMAS,14.2,14.2
Calamity Fortune,STD,MAS,14.2,14.2
きたさいたま2000,STD,MAS,14.2,14.2
conflict,STD,MAS,14.2,14.2
Scarlet Lance,STD,MAS,14.2,14.2
B.M.S.,STD,MAS,14.2,14.2
Destr0yer,STD,MAS,14.2,14.2
Fragrance,STD,MAS,14.2,14.2
Garakuta Doll Play,STD,MAS,14.2,14.2
Schwarzschild,STD,MAS,14,14.2
Grievous Lady,DX,MAS,14.1,14.1
BLUE ZONE,DX,MAS,14.1,14.1
Love’s Theme of BADASS ～バッド・アス 愛のテーマ～,DX,MAS,14.1,14.1
"Good bye, Merry-Go-Round.",DX,MAS,14.1,14.1
エータ・ベータ・イータ,DX,MAS,14.1,14.1
Don't Fight The Music,DX,MAS,14.1,14.1
HECATONCHEIR,DX,MAS,14.1,14.1
The Great Banquet,DX,MAS,14.2,14.1
Panopticon,STD,ReMAS,14.1,14.1
麒麟,STD,MAS,14.1,14.1
Ragnarok,STD,MAS,14.1,14.1
Destiny Runner,DX,MAS,14,14
Luminaria,DX,MAS,14,14
エナドリおいしいソング,DX,MAS,14,14
僕の和風本当上手,DX,MAS,14,14
ULTRA SYNERGY MATRIX,DX,MAS,14,14
Vallista,DX,MAS,14.1,14
WE'RE BACK!!,DX,MAS,14,14
火炎地獄,DX,MAS,14,14
Mutation,DX,MAS,14,14
ワンダーシャッフェンの法則,DX,MAS,14,14
Starry Colors,DX,MAS,14,14
星詠みとデスペラード,DX,MAS,14,14
Alcyone,DX,MAS,14,14
パラマウント☆ショータイム！！,DX,MAS,13.9,14
Tricolor⁂circuS,DX,MAS,14,14
Beat Opera op.1,DX,MAS,14,14
ツムギボシ,DX,MAS,14.1,14
Horoscope Express,DX,MAS,13.9,14
一か罰,DX,ReMAS,14,14
Now or Never,DX,ReMAS,14,14
カゲロウデイズ,STD,ReMAS,14,14
患部で止まってすぐ溶ける～狂気の優曇華院,STD,ReMAS,14,14
"System ""Z""",STD,ReMAS,14,14
FEEL the BEATS,STD,ReMAS,14,14
アージェントシンメトリー,STD,ReMAS,14,14
脳漿炸裂ガール,STD,MAS,14,14
幸せになれる隠しコマンドがあるらしい,STD,MAS,14,14
ウサテイ,STD,MAS,14,14
幻想のサテライト,STD,MAS,14,14
Scream out! -maimai SONIC WASHER Edit-,STD,MAS,14,14
もうみんなしねばいいのに,STD,MAS,14,14
Like the Wind [Reborn],STD,MAS,14,14
Outlaw's Lullaby,STD,MAS,14,14
Jack-the-Ripper◆,STD,MAS,14,14
DRAGONLADY,STD,MAS,14,14
B.B.K.K.B.K.K.,STD,MAS,14,14
Got more raves?,STD,MAS,14,14
METATRON,STD,MAS,14,14
夜明けまであと３秒,STD,MAS,14,14
GO BACK 2 YOUR RAVE,STD,MAS,14,14
Maxi,STD,MAS,14,14
人里に下ったアタイがいつの間にか社畜になっていた件,STD,MAS,14,14
FREEDOM DiVE(tpz Overcute Remix),STD,MAS,14,14
魔法少女になるしかねぇ,STD,MAS,14,14
The wheel to the right,STD,MAS,14,14
Nerverakes,STD,MAS,14,14
火炎地獄,STD,MAS,13.9,14
Lividi,STD,MAS,14,14
Jumble Rumble,STD,MAS,14,14
Nitrous Fury,STD,MAS,14,14
天火明命,STD,MAS,13.9,14
分からない,STD,MAS,14,14
KING is BACK!!,STD,MAS,14,14
Ultranova,STD,MAS,14,14
Justified,STD,MAS,13.9,14
keep hopping,STD,MAS,14,14
FFT,STD,MAS,14,14
